{
  "config": {
    "epochs": 200,
    "batch_size": 16,
    "lr": 0.001,
    "weight_decay": 1e-05,
    "grad_clip": 5.0,
    "patience": 20,
    "kl_anneal_epochs": 50,
    "kl_lambda_min": 0.01,
    "kl_lambda_max": 1.0,
    "physics_lambda_init": 1.0,
    "physics_lambda_min": 0.1,
    "d_hw": 16,
    "d_hidden": 128,
    "d_z": 64,
    "n_heads": 4,
    "dropout": 0.1,
    "context_size_range": [
      10,
      50
    ],
    "train_ratio": 0.7,
    "val_ratio": 0.15,
    "seed": 42
  },
  "features": [
    "load_sum",
    "load_sum_sq",
    "sum_es1",
    "sum_es2",
    "sum_es3",
    "sum_es4",
    "sum_es5",
    "sum_es6",
    "current_active_cells",
    "load_sum_lag_1h",
    "load_sum_lag_2h",
    "load_sum_lag_3h",
    "load_sum_lag_24h",
    "load_rolling_24h_mean",
    "load_rolling_24h_std",
    "load_sum_diff_1h",
    "load_sum_diff_sg",
    "load_sum_diff2_sg",
    "hour_sin",
    "hour_cos",
    "dow_sin",
    "dow_cos",
    "load_x_pmax",
    "load_x_hw_scale",
    "bs_power_density",
    "freq_normalized"
  ],
  "n_params": 193491,
  "n_hw_configs": 33,
  "training_log": {
    "epochs_trained": 121,
    "best_val_loss": -1.7240061495039198
  },
  "initial_metrics": {
    "MAPE": 6.622350908621957,
    "RMSE": 66.09799525790552,
    "MAE": 1.4608485782481095,
    "R2": -21.50017001289023,
    "Coverage_90": 92.51406177464455,
    "IntervalWidth_90": 5.888498610067864
  },
  "train_bs": [
    "B_388",
    "B_900",
    "B_12",
    "B_865",
    "B_360",
    "B_150",
    "B_289",
    "B_245",
    "B_596",
    "B_925",
    "B_154",
    "B_573",
    "B_418",
    "B_486",
    "B_284",
    "B_31",
    "B_465",
    "B_128",
    "B_656",
    "B_236",
    "B_98",
    "B_377",
    "B_885",
    "B_411",
    "B_408",
    "B_330",
    "B_423",
    "B_59",
    "B_888",
    "B_918",
    "B_660",
    "B_384",
    "B_193",
    "B_581",
    "B_686",
    "B_48",
    "B_217",
    "B_343",
    "B_884",
    "B_219",
    "B_783",
    "B_621",
    "B_492",
    "B_38",
    "B_558",
    "B_526",
    "B_159",
    "B_67",
    "B_113",
    "B_487",
    "B_190",
    "B_334",
    "B_697",
    "B_743",
    "B_349",
    "B_579",
    "B_708",
    "B_784",
    "B_57",
    "B_287",
    "B_201",
    "B_830",
    "B_366",
    "B_527",
    "B_157",
    "B_614",
    "B_53",
    "B_711",
    "B_737",
    "B_283",
    "B_267",
    "B_508",
    "B_133",
    "B_617",
    "B_946",
    "B_320",
    "B_779",
    "B_392",
    "B_7",
    "B_791",
    "B_171",
    "B_631",
    "B_735",
    "B_755",
    "B_216",
    "B_540",
    "B_91",
    "B_357",
    "B_629",
    "B_148",
    "B_817",
    "B_690",
    "B_448",
    "B_938",
    "B_180",
    "B_430",
    "B_153",
    "B_404",
    "B_887",
    "B_639",
    "B_570",
    "B_507",
    "B_314",
    "B_677",
    "B_742",
    "B_854",
    "B_395",
    "B_250",
    "B_335",
    "B_461",
    "B_995",
    "B_162",
    "B_477",
    "B_455",
    "B_998",
    "B_924",
    "B_500",
    "B_986",
    "B_436",
    "B_528",
    "B_478",
    "B_615",
    "B_502",
    "B_546",
    "B_585",
    "B_371",
    "B_365",
    "B_717",
    "B_242",
    "B_649",
    "B_329",
    "B_638",
    "B_821",
    "B_359",
    "B_164",
    "B_42",
    "B_291",
    "B_302",
    "B_661",
    "B_630",
    "B_561",
    "B_654",
    "B_152",
    "B_220",
    "B_376",
    "B_282",
    "B_991",
    "B_95",
    "B_398",
    "B_997",
    "B_324",
    "B_318",
    "B_138",
    "B_700",
    "B_587",
    "B_272",
    "B_99",
    "B_49",
    "B_994",
    "B_468",
    "B_306",
    "B_122",
    "B_120",
    "B_716",
    "B_886",
    "B_572",
    "B_483",
    "B_192",
    "B_163",
    "B_831",
    "B_497",
    "B_168",
    "B_567",
    "B_698",
    "B_495",
    "B_381",
    "B_765",
    "B_390",
    "B_636",
    "B_1004",
    "B_142",
    "B_852",
    "B_538",
    "B_776",
    "B_872",
    "B_181",
    "B_3",
    "B_720",
    "B_625",
    "B_940",
    "B_69",
    "B_818",
    "B_115",
    "B_17",
    "B_1018",
    "B_412",
    "B_386",
    "B_464",
    "B_740",
    "B_969",
    "B_20",
    "B_372",
    "B_396",
    "B_119",
    "B_143",
    "B_493",
    "B_373",
    "B_714",
    "B_33",
    "B_270",
    "B_446",
    "B_167",
    "B_439",
    "B_472",
    "B_670",
    "B_353",
    "B_825",
    "B_279",
    "B_285",
    "B_599",
    "B_973",
    "B_369",
    "B_422",
    "B_739",
    "B_747",
    "B_807",
    "B_467",
    "B_718",
    "B_759",
    "B_471",
    "B_147",
    "B_774",
    "B_669",
    "B_870",
    "B_799",
    "B_788",
    "B_972",
    "B_1006",
    "B_761",
    "B_233",
    "B_43",
    "B_504",
    "B_185",
    "B_273",
    "B_480",
    "B_427",
    "B_542",
    "B_86",
    "B_425",
    "B_512",
    "B_482",
    "B_479",
    "B_10",
    "B_530",
    "B_566",
    "B_860",
    "B_348",
    "B_575",
    "B_9",
    "B_56",
    "B_987",
    "B_58",
    "B_518",
    "B_440",
    "B_810",
    "B_816",
    "B_362",
    "B_702",
    "B_286",
    "B_165",
    "B_227",
    "B_905",
    "B_475",
    "B_593",
    "B_460",
    "B_375",
    "B_213",
    "B_890",
    "B_60",
    "B_428",
    "B_535",
    "B_684",
    "B_591",
    "B_544",
    "B_782",
    "B_688",
    "B_378",
    "B_249",
    "B_531",
    "B_397",
    "B_413",
    "B_856",
    "B_175",
    "B_906",
    "B_257",
    "B_64",
    "B_846",
    "B_156",
    "B_358",
    "B_211",
    "B_367",
    "B_416",
    "B_552",
    "B_215",
    "B_241",
    "B_118",
    "B_609",
    "B_268",
    "B_391",
    "B_626",
    "B_246",
    "B_77",
    "B_22",
    "B_25",
    "B_1005",
    "B_815",
    "B_641",
    "B_16",
    "B_664",
    "B_576",
    "B_534",
    "B_224",
    "B_305",
    "B_293",
    "B_451",
    "B_705",
    "B_212",
    "B_683",
    "B_406",
    "B_260",
    "B_130",
    "B_628",
    "B_191",
    "B_50",
    "B_144",
    "B_420",
    "B_578",
    "B_563",
    "B_114",
    "B_732",
    "B_634",
    "B_515",
    "B_400",
    "B_14",
    "B_514",
    "B_88",
    "B_622",
    "B_333",
    "B_517",
    "B_663",
    "B_627",
    "B_632",
    "B_109",
    "B_691",
    "B_568",
    "B_421",
    "B_169",
    "B_149",
    "B_340",
    "B_352",
    "B_415",
    "B_44",
    "B_541",
    "B_103",
    "B_258",
    "B_74",
    "B_607",
    "B_296",
    "B_571",
    "B_678",
    "B_812",
    "B_484",
    "B_584",
    "B_873",
    "B_252",
    "B_650",
    "B_945",
    "B_968",
    "B_240",
    "B_319",
    "B_623",
    "B_832",
    "B_434",
    "B_160",
    "B_196",
    "B_582",
    "B_62",
    "B_188",
    "B_197",
    "B_829",
    "B_177",
    "B_564",
    "B_174",
    "B_4",
    "B_989",
    "B_883",
    "B_896",
    "B_6",
    "B_590",
    "B_724",
    "B_179",
    "B_102",
    "B_453",
    "B_866",
    "B_132",
    "B_131",
    "B_393",
    "B_244",
    "B_823",
    "B_594",
    "B_723",
    "B_184",
    "B_254",
    "B_635",
    "B_83",
    "B_694",
    "B_253",
    "B_97",
    "B_709",
    "B_756",
    "B_665",
    "B_441",
    "B_327",
    "B_633",
    "B_399",
    "B_926",
    "B_106",
    "B_100",
    "B_547",
    "B_326",
    "B_775",
    "B_553",
    "B_725",
    "B_450",
    "B_295",
    "B_255",
    "B_533",
    "B_5",
    "B_389",
    "B_588",
    "B_101",
    "B_32",
    "B_112",
    "B_417",
    "B_294",
    "B_652",
    "B_811",
    "B_983",
    "B_586",
    "B_402",
    "B_485",
    "B_789",
    "B_577",
    "B_278",
    "B_620",
    "B_498",
    "B_308",
    "B_178",
    "B_559",
    "B_781",
    "B_780",
    "B_351",
    "B_26",
    "B_764",
    "B_488",
    "B_682",
    "B_231",
    "B_161",
    "B_501",
    "B_813",
    "B_734",
    "B_345",
    "B_155",
    "B_499",
    "B_642",
    "B_263",
    "B_34",
    "B_794",
    "B_61",
    "B_307",
    "B_173",
    "B_933",
    "B_2",
    "B_206",
    "B_777",
    "B_356",
    "B_309",
    "B_0",
    "B_990",
    "B_548",
    "B_820",
    "B_452",
    "B_619",
    "B_207",
    "B_346",
    "B_738",
    "B_199",
    "B_522",
    "B_30",
    "B_672",
    "B_703",
    "B_145",
    "B_574",
    "B_342",
    "B_383",
    "B_657",
    "B_223",
    "B_685",
    "B_760",
