{
  "gamma_sample": [
    60.27170944213867,
    56.41747817993164,
    55.801673126220706,
    56.08192443847656,
    56.30544586181641,
    74.80842437744141,
    83.46725158691406,
    79.79973754882812,
    72.12649078369141,
    71.95694274902344,
    69.85616302490234,
    72.7748306274414,
    82.66554412841796,
    86.26956481933594,
    84.83722381591797,
    80.30885314941406,
    75.40400848388671,
    83.66457061767578,
    79.61350708007812,
    69.30131225585937,
    57.954308319091794,
    54.51271514892578,
    54.33819732666016,
    55.96532287597656
  ],
  "aleatoric_sample": [
    27.3282085963573,
    14.493420134263724,
    6.063214893974365,
    8.264773414612582,
    15.405791197271355,
    36.34322026218871,
    12.492868415624697,
    15.000715561112031,
    11.521721365375672,
    10.693294059187693,
    11.864297865856043,
    19.0235542971167,
    14.708457110841445,
    16.19571012347244,
    12.562004914660392,
    12.036905934298412,
    16.26107455549755,
    11.652806354286952,
    17.58171991270301,
    15.897541188245398,
    7.448801668688328,
    6.525325825427956,
    8.313642825050929,
    7.775654459741601
  ],
  "epistemic_sample": [
    6.879007814172655,
    1.1497643826680721,
    0.9330936314794236,
    0.38244693632586857,
    1.6720203639613462,
    9.159779329164884,
    7.266435555289499,
    5.169412538604812,
    3.0371297042025254,
    3.129761258363724,
    1.8605685494607314,
    2.591507909647189,
    1.8567177663184702,
    8.241387611757963,
    2.0898873287858444,
    3.1682409023167564,
    5.451049053957687,
    1.491163313635625,
    0.7097173745185137,
    0.727807648028247,
    2.6807995759672485,
    1.110665414397372,
    3.7366725582897202,
    4.682033678985899
  ],
  "total_sample": [
    34.20721641052995,
    15.643184516931797,
    6.996308525453789,
    8.64722035093845,
    17.0778115612327,
    45.50299959135359,
    19.759303970914196,
    20.17012809971684,
    14.558851069578198,
    13.823055317551416,
    13.724866415316775,
    21.615062206763888,
    16.565174877159915,
    24.437097735230402,
    14.651892243446236,
    15.205146836615167,
    21.712123609455237,
    13.143969667922576,
    18.291437287221527,
    16.625348836273645,
    10.129601244655577,
    7.635991239825328,
    12.05031538334065,
    12.4576881387275
  ],
  "note": "\u5b8c\u6574\u6570\u636e\u8bf7\u4f7f\u7528 anp_to_der_results() \u51fd\u6570"
}