{
  "before_cqr": {
    "MAPE": 21.448265155740597,
    "RMSE": 197.74692732670715,
    "MAE": 3.548221612564235,
    "R2": -187.509708586437,
    "Coverage_90": 93.06770098730607,
    "IntervalWidth_90": 8.028252324709252,
    "WinklerScore_90": 29.51511996111074
  },
  "cqr": {
    "MAPE": 21.448265155740597,
    "RMSE": 197.74692732670715,
    "MAE": 3.548221612564235,
    "R2": -187.509708586437,
    "Coverage_90": 91.72073342736248,
    "IntervalWidth_90": 7.820050641708712,
    "WinklerScore_90": 29.464202550354795
  },
  "encqr": {
    "MAPE": 21.448265155740597,
    "RMSE": 197.74692732670715,
    "MAE": 3.548221612564235,
    "R2": -187.509708586437,
    "Coverage_90": 91.7277856135402,
    "IntervalWidth_90": 7.823448868928038,
    "WinklerScore_90": 29.46478843976767
  },
  "few_shot": {
    "5": {
      "MAPE": 24.635446468505858,
      "RMSE": 173.18490579246688,
      "MAE": 4.6996855407488765,
      "R2": -142.86519450628876,
      "Coverage_90": 64.17500926955877,
      "IntervalWidth_90": 8.838822364807129,
      "WinklerScore_90": 32.13848895640031
    },
    "10": {
      "MAPE": 21.00682818190836,
      "RMSE": 177.71896600631283,
      "MAE": 3.633652827658635,
      "R2": -149.885196169366,
      "Coverage_90": 88.32681782642689,
      "IntervalWidth_90": 9.41550064086914,
      "WinklerScore_90": 16.155909061573986
    },
    "20": {
      "MAPE": 22.718534186579063,
      "RMSE": 188.13017875422793,
      "MAE": 3.7579825142123995,
      "R2": -168.9849929583455,
      "Coverage_90": 91.43007360672975,
      "IntervalWidth_90": 9.874307632446289,
      "WinklerScore_90": 16.49605292020861
    },
    "50": {
      "MAPE": 31.560843519716258,
      "RMSE": 230.04738613242523,
      "MAE": 4.969341349036919,
      "R2": -251.1213872736007,
      "Coverage_90": 91.29979035639413,
      "IntervalWidth_90": 12.398632049560547,
      "WinklerScore_90": 19.55171657010058
    },
    "100": {
      "MAPE": 163.65002755146193,
      "RMSE": 556.1089512176629,
      "MAE": 23.182185191722354,
      "R2": -1381.4011493802354,
      "Coverage_90": 89.66309341500765,
      "IntervalWidth_90": 46.92045593261719,
      "WinklerScore_90": 80.1928307069586
    }
  }
}